<?xml version="1.0" encoding="utf-8" ?>
<dwsync>
<file name="routes.php" server="autospares.co.ke/public_html/development/" local="130821160646550405" remote="130821171600000000" Dst="0" />
<file name="config.php" server="autospares.co.ke/public_html/dobi/" local="130822938610000000" remote="130822938600000000" Dst="0" />
<file name="routes.php" server="autospares.co.ke/public_html/dobi/" local="130822862381786387" remote="130822938600000000" Dst="0" />
<file name="routes.php" server="privatebushflights.com/public_html/dobi.co.ke/" local="130825638308740866" remote="130825279200000000" Dst="0" />
<file name="routes.php" server="autospares.co.ke/public_html/erp/" local="130839334358994387" remote="130839335400000000" Dst="0" />
<file name="routes.php" server="serenityservices.co.ke/public_html/lexicon/" local="130852418345214416" remote="130852422000000000" Dst="0" />
<file name="config.php" server="autospares.co.ke/public_html/dominion/" local="130855709459047861" remote="130855713000000000" Dst="0" />
<file name="routes.php" server="autospares.co.ke/public_html/dominion/" local="130855136476892966" remote="130855687800000000" Dst="0" />
</dwsync>